[
    {
        "created": "1969-01-31 12:30:00",
        "username": "username",
        "token": "token",
        "expires": "1969-02-03 12:30:00"
    },
    {
        "created": "1969-01-31 12:30:00",
        "username": "username",
        "token": "token",
        "expires": "1969-02-03 12:30:00"
    },
    {
        "created": "2022-02-10 07:15:41",
        "username": "mrthorne",
        "token": "9e5c50cf",
        "expires": "2022-02-13 07:15:41"
    },
    {
        "created": "2022-02-10 07:16:38",
        "username": "mrthorne",
        "token": "9e5c50cf",
        "expires": "2022-02-13 07:16:38"
    },
    {
        "created": "2022-02-10 11:16:10",
        "username": "mrthorne",
        "token": "9e5c50cf",
        "expires": "2022-02-13 11:16:10"
    }
]